Langat_virus_Flaviviridae,TRLTLVLELGGCVT
Sendai_virus_(strain_Fushimi)_(SeV)_Paramyxoviridae,NITEIMTTIRTGQSNIYDVIYTEQI
Avian_leukosis_virus_RSA_(RSV-SRA)_(Rous_sarcoma_virus_(strain_Schmidt-Ruppin_A))_Retroviridae,IRKMINNSISYHTEYKKLQKA
Simian_immunodeficiency_virus_(isolate_MB66)_(SIV-cpz)_(Chimpanzee_immunodeficiency_virus)_Retroviridae,RYLKDQQLLGLWGCSGKLICT
Hepatitis_C_virus_Flaviviridae,AVVDMVAGAHWGVLAGLAYYSMVGNWAKVLIV
Simian_immunodeficiency_virus_(isolate_PBj14/BCL-3)_(SIV-sm)_(Simian_immunodeficiency_virus_sooty_mangabey_monkey)_Retroviridae,EAAQAWWKFVRETLASAWRDL
Human_immunodeficiency_virus_Retroviridae,QWDREISNYTNTIYRLLEDSQ
Simian_immunodeficiency_virus_(isolate_MB66)_(SIV-cpz)_(Chimpanzee_immunodeficiency_virus)_Retroviridae,KLICTTSVPWNTTWTNKSYDD
Chikungunya_virus_Togaviridae,EEWVTHKKEVVLTVPTEG
Yellow_fever_virus_Flaviviridae,YKLHGGHVSCRVKLSA
O’nyong-nyong_virus_Togaviridae,CSTQVHCSATCHPPKDHI
Radiation_murine_leukemia_virus_(strain_Kaplan)_Retroviridae_,GPLIVLLLILLLGPCILNRLV
Machupo_virus_Arenaviridae,RELMSVPYCNYTKFWYVNHTLTGQHTLPRCWLIRNGSYL
Chikungunya_virus_Togaviridae,AGKPGDSGRPIFDNKGRV
Dengue_virus_Flaviviridae,KEIKITPQSSITEAE
Getah_virus_(GETV)_Togaviridae,NDVYNQDFPPYGSGQPGR
Simian_virus_5_Paramyxoviridae,SIDPLDISQNLAAVNKSLSDALQHL
Rinderpest_virus_(strain_Kabete_O)_(RDV)_Paramyxoviridae,EIKGVIIHALEGVSYNIGSQEWYTT
Chikungunya_virus_Togaviridae,PIFDNKGRVVAIVLGGAN
Human_spumaretrovirus_Retroviridae,TYMSSTWLQQQLQKSDDEMKVIK
Hendra_virus_Paramyxoviridae,GRAISQSGEQTLLMIDNTTCTTVVL
Ross_river_virus_(strain_NB5092)_(RRV)_Togaviridae,SMDIPDSAFTRVVDAPAV
Louping_ill_virus_Flaviviridae,YTMCDKSKFAWKRT
Human_parainfluenza_Paramyxoviridae,QNREWYIPLPSHIMTKGAFLGGADV
Bunyavirus_La_Crosse_Bunyaviridae,VETYSLPRIVAVQNHEIKIGQI
Canine_Distemper_Virus_Paramyxoviridae,SLRDPISAEISIQALIYALGGEIHK
Louping_ill_virus_Flaviviridae,RVTLVLELGGCVTI
Chikungunya_virus_Togaviridae,GRPGQFGDIQSRTPESED
Human_parainfluenza_Paramyxoviridae,EAKQARSDIEKLKEAIRDTNKAVQS
Chikungunya_virus_Togaviridae,CPKGETLTVGFTDSRKIS
Bunyavirus_La_Crosse_Bunyaviridae,HAFRGTSSAYIAAMLSKKSNDD
Dengue_virus_Flaviviridae,GEEHAVGNDTGKHGK
Influenza_A_virus_Orthomyxoviridae,DKMNGNYDSIRGEFNQVEKRINMLA
Chikungunya_virus_Togaviridae,EVPACTHSSDFGGVAIIK
Hepatitis_C_virus_Flaviviridae,VREGNSSRCWVALTPTLAARNVTIPTTTIRRH
Measles_virus_Paramyxoviridae,EILSLFGPSLRDPISAEISIQALSY
Hepatitis_B_virus_Hepadnaviridae,STGPCRTCTTPAQGTSMYPSCCCT
Turkey_rhinotracheitis_virus_(TRTV)_Paramyxoviridae,HPVSMVALTPLGGLVSCYESVS
Omsk_hemorrhagic_fever_virus_(OHFV)_Flaviviridae,HAKLSNTKVAARCP
Getah_virus_(GETV)_Togaviridae,TAAMKATIRISYGNLNQT
Chikungunya_virus_Togaviridae,QAPQNDPKQKKQPPQKKP
Hendra_virus_Paramyxoviridae,QSGEQTLLMIDNTTCTTVVLGNIII
Chikungunya_virus_Togaviridae,QKQQAPRNNMNQKKQPPK
Hepatitis_C_virus_Flaviviridae,IDLHHWTTQDCNCSIYPGHITGHRMAWNMMMN
Zika_virus_Flaviviridae,LTPVGRLITANPVITE
Newcastle_disease_virus_(strain_Chicken/Australia-Victoria/32)_(NDV)_Paramyxoviridae_,GIYSCLNGNTSACMYSKTEGALTTP
Venezuelan_equine_encephalitis_virus_Togaviridae,PLSTAWTPFDRKIVQYAG
Turkey_rhinotracheitis_virus_(TRTV)_Paramyxoviridae,FPEDQFNVALDQVFESIDRSQD
Influenza_A_virus_Orthomyxoviridae,DQGVGMAADKGSTQKAIDKITSKVN
Venezuelan_equine_encephalitis_virus_Togaviridae,TVYVNGETPVNFNGVKLT
Zika_virus_Flaviviridae,MDKLRLKGVSYSLCTA
Simian_virus_5_Paramyxoviridae,IKIELPTLTVQPATQIIDLATISAF
Sendai_virus_(strain_Fushimi)_(SeV)_Paramyxoviridae,VVFLTHDNCGLIGVNGVELYANRRG
Langat_virus_Flaviviridae,SLDVWLDSIYQESP
Chikungunya_virus_Togaviridae,YPTMTVVIVSVASFVLLS
Hepatitis_C_virus_Flaviviridae,KNISTGYMVTNDCTNDSITWQLQAAVLHVPGC
Tick-borne_powassan_virus_Flaviviridae,DRGWGNHCGFFGKGSI
Bunyavirus_La_Crosse_Bunyaviridae,WGCEEFGCLAVSDGCVFGSCQD
West_Nile_virus_Flaviviridae,DRGWGNGCGLFGKGSI
Hepatitis_C_virus_Flaviviridae,LVGSATLCSALYVGDLCGSVFLVGQLFTFSPR
Simian_virus_5_Paramyxoviridae,FAGVVIGLAALGVATAAQVTAAVAL
Influenza_A_virus_Orthomyxoviridae,GLFGAIAGFIENGWEGLVDGWYGFR
Lymphocytic_choriomeningitis_virus_Arenaviridae,GTFTWTLSDSSGVENPGGYCLTKWMILAAELKCFGNTAV
Xenotropic_MuLV-related_virus_(isolate_VP42)_(XMRV)_Retroviridae,VSLTLALLLGGLTMGGIAAGV
Turkey_rhinotracheitis_virus_(TRTV)_Paramyxoviridae,FVLGAIALGVATAAAVTAGVAL
Getah_virus_(GETV)_Togaviridae,VYPFMWGGAYCFCDTENT
Venezuelan_equine_encephalitis_virus_Togaviridae,VYPFMWGGAYCFCDTENT
Human_spumaretrovirus_Retroviridae,NYAKLRSMGYALTGAVQTLSQIS
Hendra_virus_Paramyxoviridae,LAGVVMAGIAIGIATAAQITAGVAL
Simian_immunodeficiency_virus_(isolate_CPZ_GAB1)_(SIV-cpz)_(Chimpanzee_immunodeficiency_virus)_Retroviridae,AAFGLGALFLGFLGAAGSTMG
Rinderpest_virus_(strain_Kabete_O)_(RDV)_Paramyxoviridae,FAGVALAGAALGVATAAQITAGIAL
Mumps_virus_Paramyxoviridae,FAGIAIGIAALGVATAAQVTAAVSL
Lassa_virus_Arenaviridae,GGYCLTRWMLIEAELKCFGNTAV
Bovine_respiratory_syncytial_virus_(strain_Copenhagen)_(BRS)_Paramyxoviridae,FLGFLLGIGSAIASGVAVSKV
Sendai_virus_(strain_Fushimi)_(SeV)_Paramyxoviridae,FFGAVIGTIALGVATSAQITAGIAL
Newcastle_disease_virus_(strain_Chicken/Northern_Ireland/Ulster/67)_(NDV)_Paramyxoviridae_,LIGAIIGGAALGVATAAQITAASAL
Semliki_forest_virus_Togaviridae,VYPFMWGGAYCFCDSENT
Langat_virus_Flaviviridae,DRGWGNHCGLFGKG
Bunyavirus_La_Crosse_Bunyaviridae,WGCEEFGCLAVSDGCVFGSCQD
Epstein-Barr_virus_Herpesviridae,TETLTTMFEVSVAFFKVGHAV
Hepatitis_C_virus_Flaviviridae,LVGAAALCSAMYVGDLCGSVFLVSQLFTFSPR
Simian_retrovirus_SRV-1_Retroviridae,FIPLVIGLGITTAVSTGTAGL
Varicella-zoster_virus_Herpesviridae,YYHIAARIATSIFALSEMGR
Measles_virus_Paramyxoviridae,FAGVVLAGAALGVATAAQITAGIAL
Yellow_fever_virus_Flaviviridae,DRGWGNGCGLFGKGSI
Human_herpesvirus_1_Herpesviridae,PLFWRLTGLLATSGFAFVNAA
Lake_Victoria_marburgvirus_Filoviridae,GLSWIPFFGPGIEGLYTAGLI
Influenza_A_virus_Orthomyxoviridae,GLFGAIAGFIEGGWTGMIDGWYGYH
Human_respiratory_syncytial_virus_Paramyxoviridae,FLGFLLGVGSAIASGVAVSKV
Gibbon_ape_leukemia_virus_(GALV)_Retroviridae_,VSLTLAVLLGLGITAGIGTGS
Hepatitis_B_virus_Hepadnaviridae,MENITSGFLGPLLVLQAGFFLLTR
Human_parainfluenza_Paramyxoviridae,FAGVVVGLAALGVATAAQITAAVAI
Human_immunodeficiency_virus_Retroviridae,AVGIGAVFLGFLGAAGSTMGA
Ross_river_virus_(strain_NB5092)_(RRV)_Togaviridae,VYPFMWGGAYCFCDSENT
Human_parainfluenza_Paramyxoviridae,FFGGVIGTIALGVATSAQITAAVAL
Hepatitis_B_virus_Hepadnaviridae,MENITSGFLGPLLVLQAGFFLLTR
Zika_virus_Flaviviridae,DRGWGNGCGLFGKGSL
Lake_Victoria_marburgvirus_Filoviridae,GLSWIPFFGPGIEGLYTAGLI
Human_immunodeficiency_virus_Retroviridae,AVGIGALFLGFLGAAGSTMGA
Nipah_virus_Paramyxoviridae,LAGVIMAGVAIGIATAAQITAGVAL
Omsk_hemorrhagic_fever_virus_(OHFV)_Flaviviridae,DRGWGNHCGLFGKG
Vesicular_stomatitis_virus_Rhabdoviridae,NPGFPPQSCGYATVTD
Kunjin_virus_Flaviviridae,DRGWGNGCGLFGKGSI
Vesicular_stomatitis_virus_Rhabdoviridae,PGFPPQSCGYATVTD
Crimean-Congo_hemorrhagic_fever_virus_Bunyaviridae,WRCNPTWCWGVGTGCTCCGLDVK
Canine_Distemper_Virus_Paramyxoviridae,FAGVVLAGAALGVATAAQITAGIAL
Hepatitis_C_virus_Flaviviridae,LVGSATLCSALYVGDLCGSVFLIGQLFTFSPR
Human_T-cell_leukemia_virus_1_(strain_Japan_MT-2_subtype_A)_(HTLV-1)_Retroviridae,AVPVAVWLVSALAMGAGVAGG
Canine_Distemper_Virus_Paramyxoviridae,FAGVVLAGVALGVATAAQITAGIAL
Murray_valley_encephalitis_virus_Flaviviridae,DRGWGNGCGLFGKGSI
Yellow_fever_virus_Flaviviridae,DRGWGNGCGLFGKGSI
Friend_murine_leukemia_virus_(isolate_57)_(FrMLV)_Retroviridae_,VSLTLALLLGGLTMGGIAAGV
Neudoerfl_virus_(NEUV)_Flaviviridae,DRGWGNHCGLFGKG
Hepatitis_C_virus_Flaviviridae,LVGTAAFCSAMYVGDLCGSIFLVSQLFTFSPR
Rift_valley_fever_virus_Bunyaviridae,WGCGCFNVNPSCLFVHT
Radiation_murine_leukemia_virus_(strain_Kaplan)_Retroviridae_,VSLTLALLLGGLTMGGIAAGV
Venezuelan_equine_encephalitis_virus_Togaviridae,VYPFMWGGAYCFCDTENT
Human_herpesvirus_2_Herpesviridae,SLFWRLAGLLASSGFAFVNAA
Simian_immunodeficiency_virus_(isolate_MB66)_(SIV-cpz)_(Chimpanzee_immunodeficiency_virus)_Retroviridae,AAVGLGALFLGFLGAAGSTMG
Influenza_A_virus_Orthomyxoviridae,GLFGAIAGFIEGGWPGLVAGWYGFQ
Phocine_distemper_virus_(PDV)_Paramyxoviridae_,FAGVVIAGAALGVATAAQITAGVAL
Ebolavirus_Filoviridae,GAAIGLAWIPYFGPAA
MERS_coronavirus_Coronaviridae,RSARSAIEDLLFDKV
Hantaan_virus_Bunyaviridae,WGCNPSDCPGVGTGCTACGLYLD
Simian_retrovirus_SRV-2_Retroviridae,FIPLLVGLGITTAVSTGTAGL
Avian_leukosis_virus_RSA_(RSV-SRA)_(Rous_sarcoma_virus_(strain_Schmidt-Ruppin_A))_Retroviridae,GPTARIFASILAPGVAAAQAL
Louping_ill_virus_Flaviviridae,DRGWGNHCGLFGKG
Salmon_pancreas_disease_virus_(SPDV)_Togaviridae,VYPLLWGAAHCFCSTENT
Mouse_mammary_tumor_virus_(strain_GR)_(MMTV)_Retroviridae,FVAAIILGISALIAIITSFAV
Hepatitis_C_virus_Flaviviridae,LVGAATMCSALYVGDMCGAVFLVGQAFTFRPR
Hepatitis_C_virus_Flaviviridae,LAGGAAFCSALYVGDACGALSLVGQMFTYKPR
Western_equine_encephalitis_virus_Togaviridae,VYPFMWGGAQCFCDSENT
Japanese_encephalitis_virus_Flaviviridae,DRGWGNGCGLFGKGSI
Dengue_virus_Flaviviridae,VDRGWGNGCGLFGKGG
Hepatitis_C_virus_Flaviviridae,LVGAAAFCSAMYIGDLCGSVFLVGQLFTFRPK
Chikungunya_virus_Togaviridae,VYPFMWGGAYCFCDAENT
O’nyong-nyong_virus_Togaviridae,VYPFMWGGAYCFCDAENT
Dengue_virus_Flaviviridae,DRGWGNGCGLFGKGG
Influenza_A_virus_Orthomyxoviridae,GLFGAIAGFIENGWQGLIDGWYGFR
Simian_immunodeficiency_virus_(isolate_PBj14/BCL-3)_(SIV-sm)_(Simian_immunodeficiency_virus_sooty_mangabey_monkey)_Retroviridae,GVFVLGFLGFLATAGSAMSAA
Human_herpesvirus_7_Herpesviridae,KDTFHLMFLFGLTHFLYSTRG
Influenza_A_virus_Orthomyxoviridae,GLFGAIAGFIENGWEGMVDGWYGFR
Simian_immunodeficiency_virus_agm.grivet_(isolate_AGM_gr-1)_(SIV-agm.gri)_(Simian_immunodeficiency_virus_African_green_monkey_grivet)_Retroviridae,VPFVLGFLGFLGAAGTAMGAA
Hepatitis_B_virus_Hepadnaviridae,MENITSGFLGPLLVLQ
Human_cytomegalovirus_Herpesviridae,RRTVEMAFAYALALFAAARQ
Radiation_murine_leukemia_virus_Retroviridae_,VSLTLALLLGGLTMGGIAAGI
Hepatitis_C_virus_Flaviviridae,LVGAAALCSAMYVGDLCGSVFLVAQLFTFSPR
Human_coronavirus_229E_(HCoV-229E)_Coronaviridae,IGGIALGGLTSAVSIPFSLAI
Chikungunya_virus_Togaviridae,VYPFMWGGAYCFCDTENT
Influenza_A_virus_Orthomyxoviridae,GLFGAIAGFIENGWEGMIDGWYGFR
Influenza_A_virus_Orthomyxoviridae,GLFGAIAGFIEGGWSGMIDGWYGFH
Sagiyama_virus_Togaviridae,VYPFMWGGAYCFCDTENT
Influenza_A_virus_Orthomyxoviridae,GLFGAIAGFIEGGWPGLINGWYGFQ
Hepatitis_C_virus_Flaviviridae,LVGAAAFCSAMYVGDLCGSVFLVSQLFTFSPR
Hepatitis_B_virus_Hepadnaviridae,MENITSGFLGPLLVLQAGFFLLTR
Mouse_mammary_tumor_virus_(strain_BR6)_(MMTV)_Retroviridae,FVAAIILGISALIAIITSFAV
Simian_virus_5_Paramyxoviridae,FAGVVIGLAALGVATAAQVTAAVAL
Hepatitis_C_virus_Flaviviridae,VVMSATLCSALYVGDLCGGVMLAAQMFIVSPQ
Human_herpesvirus_8_Herpesviridae,PDIFLVLFQMLVAHFLVARG
Hepatitis_C_virus_Flaviviridae,VVMSATFCSALYVGDLCGGVMLAAQVFIVSPQ
Newcastle_disease_virus_(strain_Chicken/Australia-Victoria/32)_(NDV)_Paramyxoviridae_,FIGAIIGSVALGVATAAQITAASAL
Human_herpesvirus_6_Herpesviridae,GIPQMMFLYGIVHFSYSTK
Machupo_virus_Arenaviridae,AFFSWSLTDSSGKDMPGGYCLEEWMLIAAKMKCFGNTAV
Influenza_A_virus_Orthomyxoviridae,GLFGAIAGFIEGGWQGMVDGWYGYH
Chikungunya_virus_Togaviridae,VYPFMWGGAYCFCDAENT
Human_parainfluenza_Paramyxoviridae,FAGVVVGLAALGVATAAQITAAVAI
Influenza_A_virus_Orthomyxoviridae,GLFGAIAGFIENGWEGLIDGWYGFR
Dengue_virus_type_2_(strain_Puerto_Rico/PR159-S1/1969)_(DENV-2),GMIIMLIPTVMAFHLTTRNG
Potato_leafroll_virus_(strain_Potato/Scotland/strain_1/1984)_(PLrV),ASVTLWAIINIWFGLYWTLA
Variola_virus_(isolate_Human/India/Ind3/1967)_(VARV)_(Smallpox_virus),VIFFNTIIEYIVATIYYRLAVL
Human_herpesvirus_2_(strain_B4327UR)_(HHV-2)_(Human_herpes_simplex_virus_2),LFIISTTIHTAAFVCLVALA
Influenza_A_virus_(strain_A/Japan/305/1957_H2N2),DPLVVAASIIGILHLILWIL
Influenza_A_virus_(strain_A/Swine/Wisconsin/1/1967_H1N1),ITIGTICLIVGIISLLLQIG
Bovine_Schmallenberg_virus_(isolate_Bovine/BH80/Germany/2011)_(SBV),ELILLVTFILVGSVMMMILT
Milk_vetch_dwarf_virus_(isolate_N)_(MDV),IGIIILIMVCIIILWVCIML
Cassava_vein_mosaic_virus_(CsVMV),FSLLVLIILCFIDPILFYFI
Influenza_A_virus_(strain_A/Turkey/Wisconsin/1/1966_H9N2),ITIGSVSLTIATVCFLMQIAIL
Human_herpesvirus_7_(strain_JI)_(HHV-7)_(Human_T_lymphotropic_virus),VLLYLIIIIIVLFGIYHVFR
Influenza_A_virus_(strain_A/Equine/Kentucky/1/1987_H3N8),LWISFAISCFLICVVLLGFI
Human_parainfluenza_3_virus_(strain_Tex/545/80)_(HPIV-3),IYILWTIILVLLSIVFIIVL
African_swine_fever_virus_(isolate_Pig/Portugal/Lis_60/1960)_(ASFV),TILIAIVVLVIIIIVLIYLF
African_swine_fever_virus_(isolate_Tick/Malawi/Lil_20-1/1983)_(ASFV),MVAAVVIVLIIVGFIAVFYF
Bovine_respiratory_syncytial_virus_(strain_A51908)_(BRS),IIVIVVVILMLITVGLLFYC
Influenza_B_virus_(strain_B/Victoria/3/1985),LTSGGVLLSLYVSASLSYLLYS
Simian_immunodeficiency_virus_(isolate_K78)_(SIV-mac)_(Simian_immunodeficiency_virus_rhesus_monkey),YVVVGVILLRIVIYIVQMLA
Kirsten_murine_leukemia_virus_(KiMSV),STVMGPLIILLLILLFGPCI
Human_herpesvirus_6B_(strain_Z29)_(HHV-6_variant_B)_(Human_B_lymphotropic_virus),FVCIFLCVFFCVCIFLCVFF
Epstein-Barr_virus_(strain_B95-8)_(HHV-4)_(Human_herpesvirus_4),TLFLAGLTLSLLVICSYLFI
Acidianus_bottle-shaped_virus_(isolate_Italy/Pozzuoli)_(ABV),FVSMFQTFLEVLTATVLAFTAY
Simian_immunodeficiency_virus_(isolate_MB66)_(SIV-cpz)_(Chimpanzee_immunodeficiency_virus),IIIVGGLIGLRIVFALLSIV
Piry_virus_(PIRYV),MAIVGIVLLIVVTFLAIKTV
Fowlpox_virus_(strain_NVSL)_(FPV),SKYLYIIGGIICFLILLYYA
African_swine_fever_virus_(isolate_Pig/Kenya/KEN-50/1950)_(ASFV),VLVSIICSCISSLFLLICLL
Simian_immunodeficiency_virus_(isolate_EK505)_(SIV-cpz)_(Chimpanzee_immunodeficiency_virus),IMVVAGIVGIRIISIIMSMV
Japanese_encephalitis_virus_(strain_SA-14),SIMWLASLAVVIACAGAMKL
Human_herpesvirus_1_(strain_17)_(HHV-1)_(Human_herpes_simplex_virus_1),PYANAASGAFAVGCAVLGFM
Human_herpesvirus_1_(strain_F)_(HHV-1)_(Human_herpes_simplex_virus_1),FLAASALGVVMITAALAGIL
Phocine_distemper_virus_(PDV),SILLILLVGILILLTI
Influenza_A_virus_(strain_A/X-31_H3N2),DPLTIAANIIGILHLTLWML
Infectious_salmon_anemia_virus_(isolate_Atlantic_salmon/Norway/810/9/99)_(ISAV),SNIFISMGVAGFGIALFLAG
Sindbis_virus_(SINV),LAVASATVAMMIGVTVAVLC
Human_immunodeficiency_virus_type_1_group_M_subtype_D_(isolate_Z6)_(HIV-1),IMIVGGLIGLRIVFAVLSLV
Influenza_A_virus_(strain_A/Aichi/2/1968_H3N2),DPLVVAASIIGILHLILWIL
Alcelaphine_herpesvirus_1_(strain_C500)_(AlHV-1)_(Malignant_catarrhal_fever_virus),ILLFTIAALAGVFIVYKIVM
Choristoneura_fumiferana_nuclear_polyhedrosis_virus_(CfMNPV),GVGVLLAGGAYLTFSAATLV
Porcine_reproductive_and_respiratory_syndrome_virus_(strain_HB-1)_(PRRSV),CLFLCYSYPFFGFAPLLGVF
Influenza_A_virus_(strain_A/Turkey/Ireland/1378/1983_H5N8),GLVVFNVLLHVVSIIVTVLI
Citrus_leprosis_virus_C_(isolate_Citrus_sinesis/Brazil/Cordeiropolis/2003)_(CiLV-C),QKPNVIIMYISVLVLFAAHI
Clover_yellow_mosaic_virus_(CYMV),IVGALTLVLTLFVLHYT
Measles_virus_(strain_Ichinose-B95a)_(MeV)_(Subacute_sclerose_panencephalitis_virus),VYILIAVCLGGLIGIPALIC
Influenza_A_virus_(strain_A/Chicken/Shantou/4231/2003_H5N1_genotype_V),LSIYSTVASSLALAIMVAGL
Maize_streak_virus_genotype_A_(isolate_South_Africa)_(MSV),VAILSFVALICFYLLYLWVL
Equine_herpesvirus_1_(strain_Kentucky_A)_(EHV-1)_(Equine_abortion_virus),GIAGLVLVGVILYVCL
Fowlpox_virus_(strain_NVSL)_(FPV),SWLTIFIIFVVCIVVFTFLY
Hepatitis_C_virus_(isolate_HC-J2)_(HCV),PGCSFSIFLLALLSCLTIPA
Human_immunodeficiency_virus_type_1_group_M_subtype_H_(isolate_VI991)_(HIV-1),IMIVGGIIGLRIVFAVLSIV
Vaccinia_virus_(strain_Western_Reserve)_(VACV)_(Vaccinia_virus_(strain_WR)),IIVALTIMGVIFLISVIVLV
Influenza_A_virus_(strain_A/Goose/Guangdong/1/1996_H5N1_genotype_Gs/Gd),DPLVVAASIIGILHLILWIL
Cherry_rasp_leaf_virus_(isolate_Potato/United_States)_(CRLV),ALCAVLLVGYLIIKFAIFLF
Human_immunodeficiency_virus_type_1_group_M_subtype_K_(isolate_96CM-MP535)_(HIV-1),IMIIGGLIGLRIAFAVLSVV
Alcelaphine_herpesvirus_1_(strain_C500)_(AlHV-1)_(Malignant_catarrhal_fever_virus),AFYFLTAAASCLTLLLLYF
Influenza_A_virus_(strain_A/USA:Phila/1935_H1N1),DPLVIAASIIGILHLILWIL
